DPU,CNNModel,reduction_network,dataflow,cluster_count,psum_access_energy,input_actuation_energy,weight_actuation_energy,input_access_energy,weight_access_energy,output_access_energy,psum_reduction_energy,dac_energy,adc_energy,total_energy
AMM,MobileNet_V2,S_Tree,IS,36,0.0021864149782659962,9.985599999999742e-12,3.673449999999466e-05,0.0005015949729422287,0.0009758684029971924,0.00024588968476320583,0.004577599716778128,2.267389260000009e-05,2.321040200004439e-05,0.00856998656033239
MAW,MobileNet_V2,S_Tree,IS,43,0.0019309396572111319,8.204800000000289e-12,2.991999999999651e-05,0.0005015949729422448,0.0009318223109299556,0.0002458896847632055,0.004125711104952413,2.1921362909999543e-05,2.0511941999922314e-05,0.00780831104391367
HEANA,MobileNet_V2,PCA,IS,73,0.0,4.233599999999973e-12,2.217049999999861e-05,0.0005015949729422678,0.0007793506315674035,0.0002458896847632052,0.0,1.9217983049998764e-05,4.5057140000000016e-06,0.001572729490556474
AMW5,MobileNet_V2,S_Tree,IS,17,0.004184467584842633,7.913599999998845e-12,0.00013682350000006086,0.0005015949729422853,0.001846463077976002,0.0002458896847632033,0.008265629544455371,3.6728842499997174e-05,4.8719448800952076e-05,0.015266316664194104
MAW5,MobileNet_V2,S_Tree,IS,21,0.003589773900737844,6.0969599999987115e-12,0.00010505550000003035,0.0005015949729423674,0.0016965287720077304,0.0002458896847632053,0.007625642801611848,3.410737915500929e-05,4.186354260024557e-05,0.013840456559915242
HEANA5,MobileNet_V2,PCA,IS,39,0.0,1.839999999999899e-12,3.518349999999508e-05,0.0005015949729422686,0.0009602710310930513,0.0002458896847632057,0.0,2.239764655500011e-05,4.956285400000001e-06,0.0017702931225935209
AMW10,MobileNet_V2,S_Tree,IS,12,0.006154699749490259,8.192960000006676e-12,0.0002816330000000152,0.0005015949729423541,0.0026700199069327815,0.0002458896847632074,0.012193081172890998,4.919681650496102e-05,9.450414149796333e-05,0.0221906194532155
MAW10,MobileNet_V2,S_Tree,IS,15,0.004962787134584432,5.176800000001512e-12,0.00017795250000010037,0.0005015949729421636,0.0021664438469034967,0.0002458896847632066,0.010195575058177003,4.169359736998478e-05,7.62739150020158e-05,0.018368210714919203
HEANA10,MobileNet_V2,PCA,IS,28,0.0,1.478880000000201e-12,5.2552499999990366e-05,0.0005015949729422389,0.001171282862395812,0.0002458896847632054,0.0,2.6091690030001875e-05,6.533285299999978e-06,0.0020039449969101284
